{"cameraMode":{"drawMode":0,"name":"Shaded","section":"Shading Mode"},"sceneLighting":true,"audioPlay":false,"sceneViewState":{"showFog":true,"showMaterialUpdate":false,"showSkybox":true,"showFlares":true,"showImageEffects":true,"showParticleSystems":true},"in2DMode":false,"pivot":{"x":3.3802289962768556,"y":1.7986655235290528,"z":-2.2082784175872804},"rotation":{"x":0.5260929465293884,"y":-0.11231281608343125,"z":0.07032100856304169,"w":0.8400611281394959},"size":22.85685157775879,"orthographic":false}